Time,Series 1,Series 2,Series 3
26/01/2013,47.3856,0.2107,5.3992
27/01/2013,48.4534,0.2192,5.5657
28/01/2013,48.163,0.2072,5.4702
29/01/2013,48.4961,0.2362,5.6654
30/01/2013,49.4529,0.231,5.7473
2/2/2013,49.3931,0.2301,5.735
3/2/2013,49.9398,0.2298,5.7968
4/2/2013,49.8629,0.2323,5.8025
5/2/2013,50.888,0.2285,5.8993
6/2/2013,50.9735,0.2154,5.834
10/2/2013,51.3408,0.2179,5.89
11/2/2013,50.7172,0.2215,5.8388
12/2/2013,50.5976,0.2199,5.8158
13/02/2013,51.0845,0.223,5.8897
16/02/2013,50.7001,0.2294,5.8826
17/02/2013,51.9559,0.2218,5.9835
18/02/2013,52.2292,0.1971,5.8791
19/02/2013,52.6051,0.2163,6.0258
20/02/2013,52.3488,0.2165,5.9976
23/02/2013,52.7674,0.2145,6.0341
24/02/2013,52.9383,0.2148,6.0555
25/02/2013,53.0749,0.2137,6.0647
26/02/2013,52.9639,0.2155,6.0624
27/02/2013,52.0157,0.2199,5.9788
2/3/2013,52.5368,0.207,5.9662
3/3/2013,51.2212,0.2093,5.8287
4/3/2013,51.4604,0.1796,5.7099
5/3/2013,52.4257,0.184,5.837
6/3/2013,52.1096,0.1848,5.8057
9/3/2013,52.8358,0.1825,5.8754
10/3/2013,52.6307,0.1889,5.8834
11/3/2013,52.7503,0.1885,5.8948
12/3/2013,52.2805,0.2004,5.9019
13/03/2013,52.7503,0.1978,5.9414
16/03/2013,52.2292,0.1979,5.8832
17/03/2013,51.6483,0.1959,5.8074
18/03/2013,50.9222,0.1932,5.7126
19/03/2013,50.8624,0.1826,5.6566
20/03/2013,50.871,0.1868,5.6766
23/03/2013,52.0755,0.1852,5.8035
24/03/2013,51.7509,0.1667,5.6884
25/03/2013,51.5531,0.1739,5.6954
26/03/2013,52.0432,0.173,5.746
30/03/2013,52.0002,0.1759,5.7535
31/03/2013,52.327,0.1761,5.7907
1/4/2013,52.499,0.1817,5.8345
2/4/2013,52.8602,0.1811,5.8717
3/4/2013,53.0579,0.1805,5.8909
6/4/2013,53.3761,0.1793,5.9211
7/4/2013,54.2103,0.1773,6.0045
8/4/2013,55.2164,0.1678,6.0739
9/4/2013,54.8724,0.1584,5.9988
10/4/2013,54.0383,0.1602,5.9141
13/04/2013,54.3822,0.1494,5.9136
14/04/2013,53.5825,0.1508,5.8313
15/04/2013,54.1243,0.135,5.844
16/04/2013,54.0039,0.142,5.8497
17/04/2013,53.8319,0.1456,5.842
20/04/2013,53.6083,0.1468,5.8213
21/04/2013,53.9695,0.1475,5.8628
22/04/2013,54.6918,0.1449,5.9329
23/04/2013,54.3994,0.1394,5.8853
24/04/2013,54.7004,0.1394,5.9179
27/04/2013,55.6549,0.1394,6.0211
28/04/2013,55.3798,0.1385,5.989
29/04/2013,54.967,0.142,5.9542
30/04/2013,55.4658,0.1366,5.9929
1/5/2013,56.3171,0.1415,6.0989
4/5/2013,56.2827,0.1332,6.0725
5/5/2013,56.2053,0.1348,6.0682
6/5/2013,56.3429,0.1356,6.0851
7/5/2013,56.7987,0.1352,6.1333
8/5/2013,56.6525,0.1347,6.1162
11/5/2013,57.1168,0.1357,6.169
12/5/2013,57.6242,0.1389,6.2328
13/05/2013,57.1684,0.1437,6.1978
14/05/2013,57.3146,0.1434,6.2128
15/05/2013,57.1598,0.1506,6.2199
19/05/2013,56.5235,0.1536,6.1613
20/05/2013,57.1598,0.1447,6.2002
21/05/2013,56.9277,0.1719,6.2804
22/05/2013,56.5665,0.1744,6.2516
25/05/2013,56.8245,0.1749,6.2825
26/05/2013,56.7729,0.1782,6.2925
27/05/2013,57.3576,0.1768,6.3507
28/05/2013,57.0394,0.1772,6.3173
29/05/2013,57.9768,0.1886,6.479
1/6/2013,57.521,0.1843,6.4059
2/6/2013,57.7704,0.1885,6.4553
3/6/2013,58.6991,0.1923,6.5801
4/6/2013,58.9227,0.1896,6.5905
5/6/2013,58.6905,0.1901,6.5673
8/6/2013,58.4669,0.1907,6.5455
9/6/2013,58.7937,0.1901,6.5787
10/6/2013,58.5959,0.1901,6.5562
11/6/2013,59.1463,0.188,6.6067
12/6/2013,58.5443,0.1933,6.5685
15/06/2013,59.3011,0.1884,6.6262
16/06/2013,59.9804,0.1857,6.6873
17/06/2013,59.3527,0.1886,6.6331
18/06/2013,59.0345,0.1864,6.5855
19/06/2013,59.2925,0.1901,6.6345
22/06/2013,57.7876,0.1946,6.4905
23/06/2013,58.2692,0.1707,6.4226
24/06/2013,58.9183,0.1668,6.4767
25/06/2013,58.4423,0.164,6.4121
29/06/2013,58.2778,0.162,6.3856
30/06/2013,57.8191,0.1652,6.3486
1/7/2013,56.6333,0.1662,6.2226
2/7/2013,57.2218,0.1483,6.2188
3/7/2013,58.0355,0.1488,6.3088
6/7/2013,58.9356,0.1489,6.4072
7/7/2013,59.7579,0.1376,6.4595
8/7/2013,59.8877,0.1292,6.4511
9/7/2013,60.208,0.1287,6.4843
10/7/2013,59.905,0.128,6.4499
13/07/2013,59.9483,0.1301,6.4598
14/07/2013,59.8098,0.1534,6.5187
15/07/2013,60.6581,0.1896,6.7844
16/07/2013,60.2772,0.2465,7.1174
17/07/2013,59.6454,0.2491,7.0623
20/07/2013,58.8664,0.3164,7.5096
21/07/2013,58.901,0.3293,7.6255
22/07/2013,59.6714,0.325,7.6876
23/07/2013,59.7579,0.3199,7.6538
24/07/2013,59.3165,0.3485,7.8505
27/07/2013,59.3165,0.3572,7.9302
28/07/2013,59.2559,0.3579,7.9281
29/07/2013,59.4896,0.36,7.9789
30/07/2013,59.0741,0.3774,8.0832
31/07/2013,58.901,0.3807,8.0895
3/8/2013,59.6281,0.3781,8.1658
4/8/2013,59.0568,0.3776,8.0826
5/8/2013,58.1999,0.3827,8.0116
6/8/2013,58.4682,0.3869,8.0878
7/8/2013,58.7625,0.3862,8.1219
10/8/2013,58.9183,0.3911,8.1887
11/8/2013,59.0395,0.3983,8.2734
12/8/2013,58.5115,0.4038,8.2514
13/08/2013,57.0747,0.414,8.142
14/08/2013,55.0493,0.4219,7.9241
17/08/2013,52.1497,0.4255,7.5372
18/08/2013,51.8554,0.38,7.1167
19/08/2013,54.4521,0.3736,7.4184
20/08/2013,55.811,0.3132,7.0941
21/08/2013,55.508,0.3085,7.0176
24/08/2013,55.4821,0.3104,7.03
25/08/2013,53.1884,0.3238,6.843
26/08/2013,54.1578,0.2857,6.673
27/08/2013,54.253,0.2769,6.62
28/08/2013,53.2316,0.2822,6.5334
1/9/2013,54.6684,0.2647,6.5818
2/9/2013,53.8202,0.2488,6.3702
3/9/2013,54.2357,0.24,6.3609
4/9/2013,54.1491,0.2386,6.3419
7/9/2013,53.9933,0.2576,6.451
8/9/2013,55.032,0.2801,6.7389
9/9/2013,55.5167,0.2701,6.7237
10/9/2013,54.227,0.2743,6.5978
11/9/2013,52.7469,0.2676,6.3706
14/09/2013,53.1884,0.2431,6.2579
15/09/2013,52.7209,0.2525,6.2645
16/09/2013,52.4872,0.2524,6.236
17/09/2013,52.1237,0.2527,6.1953
18/09/2013,53.2057,0.2461,6.28
21/09/2013,51.916,0.2635,6.2424
22/09/2013,51.7948,0.2409,6.0803
23/09/2013,52.7729,0.2463,6.2303
24/09/2013,53.1624,0.2457,6.2721
25/09/2013,53.0142,0.2459,6.2559
28/09/2013,54.0691,0.2401,6.3419
29/09/2013,54.0952,0.2325,6.2958
30/09/2013,54.1649,0.253,6.4398
1/10/2013,54.1649,0.2639,6.5155
2/10/2013,53.9906,0.2644,6.498
5/10/2013,53.8075,0.266,6.4874
6/10/2013,53.6593,0.2808,6.5756
7/10/2013,52.2993,0.2897,6.4732
8/10/2013,53.9557,0.2604,6.4656
9/10/2013,54.4265,0.2384,6.3726
12/10/2013,54.2434,0.2467,6.406
13/10/2013,54.5049,0.2441,6.4195
14/10/2013,54.1039,0.2467,6.3896
15/10/2013,55.0891,0.244,6.4876
16/10/2013,55.6819,0.2351,6.4978
19/10/2013,55.708,0.2329,6.4861
20/10/2013,55.4814,0.2339,6.4667
21/10/2013,57.1029,0.2288,6.6212
22/10/2013,56.8501,0.2119,6.4852
23/10/2013,56.0132,0.2215,6.4486
26/10/2013,57.1378,0.2155,6.5399
27/10/2013,57.347,0.2311,6.665
28/10/2013,57.408,0.2365,6.7087
29/10/2013,57.9224,0.2414,6.8032
30/10/2013,59.6834,0.2335,6.9533
2/11/2013,58.7506,0.2101,6.691
3/11/2013,59.0034,0.2175,6.7668
4/11/2013,58.7157,0.2182,6.7381
5/11/2013,57.5388,0.2469,6.7966
6/11/2013,57.1552,0.2496,6.7708
9/11/2013,57.9834,0.2544,6.9036
10/11/2013,57.6521,0.2703,6.9833
11/11/2013,58.8029,0.2724,7.1393
12/11/2013,58.986,0.2619,7.0798
13/11/2013,58.8814,0.2686,7.119
16/11/2013,58.306,0.2712,7.07
17/11/2013,58.2188,0.2698,7.048
18/11/2013,58.2886,0.2719,7.0734
20/11/2013,58.5588,0.2719,7.1056
23/11/2013,58.1316,0.2748,7.0762
24/11/2013,58.9424,0.2893,7.2916
25/11/2013,58.1142,0.2881,7.1799
26/11/2013,57.3645,0.2921,7.119
27/11/2013,59.1865,0.3117,7.5101
30/11/2013,58.4106,0.2956,7.2775
1/12/2013,57.5039,0.2994,7.1951
2/12/2013,57.068,0.3003,7.1479
3/12/2013,57.1988,0.3108,7.2504
4/12/2013,55.8562,0.3258,7.2025
7/12/2013,56.0306,0.3221,7.1947
8/12/2013,57.626,0.3123,7.3167
9/12/2013,58.8727,0.2899,7.2885
10/12/2013,57.7829,0.2761,7.0443
11/12/2013,56.1439,0.3139,7.1423
14/12/2013,57.1378,0.3035,7.1826
15/12/2013,57.2598,0.3118,7.2665
16/12/2013,58.1752,0.3061,7.3351
17/12/2013,58.0619,0.2987,7.2596
21/12/2013,57.8701,0.338,7.5675
22/12/2013,58.4716,0.3352,7.6214
23/12/2013,58.0532,0.3451,7.6541
24/12/2013,57.565,0.3513,7.6436
28/12/2013,55.836,0.3718,7.5909
29/12/2013,55.9325,0.3592,7.4951
30/12/2013,55.1251,0.369,7.4702
31/12/2013,52.8959,0.3827,7.2819
1/1/2014,51.711,0.3632,6.9614
4/1/2014,51.6321,0.3927,7.1897
5/1/2014,51.7462,0.5146,8.2468
6/1/2014,50.3244,0.5329,8.1773
7/1/2014,51.0791,0.513,8.1272
8/1/2014,50.0611,0.5247,8.0645
12/1/2014,50.0347,0.5181,8.0042
13/01/2014,48.7183,0.5345,7.9302
14/01/2014,48.4901,0.5564,8.0744
15/01/2014,49.9821,0.5393,8.1766
18/01/2014,48.8499,0.5406,8.0024
19/01/2014,50.0962,0.5191,8.0226
20/01/2014,50.0611,0.5175,8.0029
21/01/2014,50.2717,0.555,8.3593
22/01/2014,52.2201,0.5351,8.5049
25/01/2014,51.6584,0.52,8.2808
26/01/2014,50.0523,0.5346,8.1479
27/01/2014,50.3858,0.5133,8.0192
28/01/2014,51.2547,0.5114,8.1415
29/01/2014,50.6842,0.5132,8.0663
1/2/2014,49.6223,0.5233,7.9824
2/2/2014,49.3238,0.5199,7.9054
3/2/2014,48.727,0.5257,7.8579
4/2/2014,46.5768,0.546,7.6733
5/2/2014,50.456,0.4633,7.606
9/2/2014,51.2108,0.3315,6.6472
10/2/2014,51.5794,0.3434,6.787
11/2/2014,50.7369,0.3484,6.7144
12/2/2014,50.7456,0.341,6.6592
15/02/2014,51.4039,0.3377,6.7198
16/02/2014,49.2536,0.3509,6.5371
17/02/2014,49.2712,0.2967,6.1467
18/02/2014,50.0347,0.2943,6.2246
19/02/2014,50.4999,0.2889,6.245
22/02/2014,49.4116,0.2965,6.1625
23/02/2014,51.9568,0.2678,6.2765
24/02/2014,52.4483,0.1825,5.8325
25/02/2014,52.6238,0.1864,5.8704
26/02/2014,52.7028,0.1884,5.8886
1/3/2014,52.6062,0.2121,6.002
2/3/2014,51.5882,0.2192,5.9256
3/3/2014,51.8866,0.2073,5.8936
4/3/2014,51.439,0.2206,5.9165
5/3/2014,52.0797,0.2671,6.2868
8/3/2014,51.8866,0.2684,6.2723
9/3/2014,51.9568,0.2728,6.311
10/3/2014,51.711,0.2745,6.2932
11/3/2014,51.5618,0.2791,6.307
12/3/2014,53.0802,0.2731,6.4493
15/03/2014,53.0626,0.2592,6.3508
16/03/2014,52.8695,0.2602,6.3344
17/03/2014,52.6062,0.2625,6.3183
18/03/2014,52.2025,0.2628,6.2718
22/03/2014,52.1323,0.2594,6.2406
23/03/2014,51.8076,0.2643,6.235
24/03/2014,52.4044,0.2614,6.2865
25/03/2014,51.9743,0.2626,6.2431
26/03/2014,52.5448,0.2709,6.3693
29/03/2014,52.3415,0.2792,6.4026
30/03/2014,51.5988,0.2837,6.3437
31/03/2014,51.9966,0.2744,6.327
1/4/2014,50.6793,0.2827,6.2236
2/4/2014,51.0506,0.2596,6.1128
5/4/2014,51.4573,0.2586,6.1544
6/4/2014,52.4122,0.2534,6.234
7/4/2014,54.6314,0.2388,6.3995
8/4/2014,55.3387,0.1805,6.1445
9/4/2014,54.7021,0.1755,6.0507
12/4/2014,55.0558,0.2201,6.33
13/04/2014,55.9841,0.2197,6.4339
14/04/2014,56.7976,0.2082,6.457
15/04/2014,56.2317,0.2032,6.3637
16/04/2014,56.5588,0.2081,6.429
19/04/2014,56.2317,0.215,6.4336
20/04/2014,56.5235,0.2147,6.4652
21/04/2014,56.6826,0.2144,6.4815
22/04/2014,56.2317,0.2164,6.4419
23/04/2014,55.8781,0.216,6.3991
26/04/2014,56.3997,0.212,6.4345
27/04/2014,55.3122,0.2258,6.3948
28/04/2014,54.4369,0.2179,6.245
29/04/2014,54.1451,0.2087,6.1585
30/04/2014,54.4634,0.2053,6.1752
3/5/2014,54.1186,0.2099,6.1619
4/5/2014,54.8524,0.2136,6.2674
5/5/2014,54.6491,0.213,6.2407
6/5/2014,54.6137,0.2252,6.3104
7/5/2014,54.1098,0.2274,6.2658
10/5/2014,54.5165,0.2231,6.2859
11/5/2014,54.5165,0.2215,6.2763
12/5/2014,56.6207,0.2133,6.4675
13/05/2014,56.046,0.1663,6.1589
14/05/2014,56.1521,0.1626,6.1551
17/05/2014,56.1079,0.1806,6.2305
18/05/2014,57.0628,0.3139,7.2587
19/05/2014,57.9293,0.3191,7.4127
20/05/2014,57.496,0.3413,7.5469
21/05/2014,57.8497,0.3571,7.7327
25/05/2014,57.7082,0.3623,7.7602
26/05/2014,58.0796,0.3603,7.7921
27/05/2014,58.1857,0.3691,7.8862
28/05/2014,57.1512,0.3789,7.8337
31/05/2014,57.7171,0.3729,7.8567
1/6/2014,57.5226,0.3806,7.8993
2/6/2014,57.6905,0.3808,7.9243
3/6/2014,57.2485,0.3879,7.9278
4/6/2014,56.4439,0.3926,7.8588
7/6/2014,55.9399,0.3967,7.8254
8/6/2014,54.8878,0.4027,7.7302
9/6/2014,54.7905,0.3963,7.661
10/6/2014,55.0116,0.3947,7.6777
11/6/2014,55.0646,0.3942,7.6809
14/06/2014,55.1442,0.3941,7.6912
15/06/2014,55.657,0.3908,7.7332
16/06/2014,55.4448,0.3914,7.7091
17/06/2014,56.6296,0.3829,7.7978
18/06/2014,52.6951,0.4038,7.4307
21/06/2014,50.9357,0.2884,6.2952
22/06/2014,52.6244,0.236,6.1465
23/06/2014,54.1098,0.2032,6.1236
24/06/2014,54.9408,0.177,6.0838
25/06/2014,54.5844,0.1787,6.0522
29/06/2014,53.0608,0.1812,5.8947
30/06/2014,53.631,0.158,5.8614
1/7/2014,53.9785,0.1576,5.8982
2/7/2014,55.0923,0.1566,6.0161
5/7/2014,55.4844,0.1481,6.0292
6/7/2014,56.313,0.1448,6.1087
7/7/2014,56.2774,0.1374,6.083
8/7/2014,57.1328,0.1361,6.1719
9/7/2014,57.1862,0.1267,6.1543
12/7/2014,56.9902,0.1272,6.1344
13/07/2014,56.9011,0.1263,6.1228
14/07/2014,56.9635,0.1261,6.129
15/07/2014,56.7496,0.1268,6.1076
16/07/2014,57.0615,0.1249,6.1371
19/07/2014,56.91,0.1244,6.1198
20/07/2014,57.1417,0.1231,6.1419
21/07/2014,57.3199,0.1223,6.1596
22/07/2014,57.115,0.1274,6.1481
23/07/2014,56.9991,0.128,6.1371
26/07/2014,56.8477,0.1276,6.12
27/07/2014,56.714,0.1289,6.1085
28/07/2014,57.6139,0.1259,6.1986
29/07/2014,57.5248,0.1166,6.1712
30/07/2014,59.0752,0.1149,6.3347
2/8/2014,58.897,0.0719,6.2862
3/8/2014,58.6921,0.0786,6.2652
4/8/2014,58.1664,0.0805,6.2095
5/8/2014,58.3268,0.0787,6.2262
6/8/2014,58.202,0.0791,6.213
9/8/2014,58.5584,0.0786,6.2509
10/8/2014,58.5495,0.0887,6.253
11/8/2014,58.7099,0.0905,6.2709
12/8/2014,58.7634,0.091,6.2769
13/08/2014,58.6832,0.093,6.2694
16/08/2014,58.6297,0.0964,6.2659
17/08/2014,58.603,0.0969,6.2634
18/08/2014,58.7634,0.1255,6.3213
19/08/2014,58.8703,0.1286,6.34
20/08/2014,59.0039,0.1294,6.3562
23/08/2014,59.6544,0.1395,6.454
24/08/2014,60.1445,0.1419,6.5148
25/08/2014,60.1445,0.1388,6.505
26/08/2014,59.8861,0.1429,6.4898
27/08/2014,60.1356,0.152,6.5489
31/08/2014,60.091,0.1518,6.5432
1/9/2014,59.8415,0.1527,6.5193
2/9/2014,59.9217,0.1532,6.5301
3/9/2014,59.3871,0.156,6.4826
6/9/2014,59.7524,0.1516,6.5055
7/9/2014,59.2802,0.1535,6.4615
8/9/2014,59.1643,0.1514,6.4408
9/9/2014,59.3782,0.152,6.4665
10/9/2014,58.6475,0.1556,6.4003
13/09/2014,58.9772,0.1495,6.4137
14/09/2014,59.2178,0.1487,6.437
15/09/2014,59.5564,0.1477,6.4704
16/09/2014,60.0464,0.1465,6.5193
17/09/2014,59.9217,0.1451,6.5011
20/09/2014,58.6119,0.1484,6.3699
21/09/2014,59.1287,0.12,6.3493
22/09/2014,59.4405,0.118,6.3792
23/09/2014,58.4961,0.1194,6.2803
24/09/2014,59.3336,0.1013,6.3451
27/09/2014,59.2623,0.0945,6.3322
28/09/2014,59.7739,0.0955,6.3875
29/09/2014,60.7522,0.097,6.4932
30/09/2014,60.9137,0.1305,6.5649
1/10/2014,61.1292,0.13,6.5868
4/10/2014,61.6048,0.1936,6.9137
5/10/2014,61.3087,0.2398,7.1891
6/10/2014,61.1471,0.2386,7.1613
7/10/2014,60.7971,0.2598,7.2811
8/10/2014,60.5996,0.2588,7.2495
11/10/2014,60.2855,0.2799,7.3806
12/10/2014,60.7612,0.275,7.3986
13/10/2014,61.3446,0.2746,7.4658
14/10/2014,61.2638,0.2747,7.4571
15/10/2014,61.4702,0.2727,7.4655
18/10/2014,61.8113,0.2711,7.4939
19/10/2014,61.7484,0.2722,7.4955
20/10/2014,62.0446,0.2731,7.5386
21/10/2014,62.1344,0.2727,7.5467
22/10/2014,62.0267,0.2747,7.5498
25/10/2014,62.1613,0.2761,7.5782
26/10/2014,61.901,0.2786,7.5674
27/10/2014,61.6407,0.2801,7.548
28/10/2014,61.3715,0.2783,7.4998
29/10/2014,60.815,0.2776,7.4259
1/11/2014,62.7177,0.2622,7.5302
2/11/2014,62.8524,0.2523,7.4667
3/11/2014,65.7423,0.2466,7.7637
4/11/2014,68.7938,0.2073,7.8144
5/11/2014,68.8298,0.1689,7.5771
8/11/2014,71.3607,0.1652,7.8356
9/11/2014,71.2261,0.1442,7.7239
10/11/2014,69.467,0.1473,7.5456
11/11/2014,70.0235,0.1207,7.521
12/11/2014,69.7452,0.121,7.4917
15/11/2014,70.0504,0.118,7.5179
16/11/2014,70.4812,0.1176,7.5632
17/11/2014,70.7773,0.1175,7.5949
19/11/2014,70.7504,0.1224,7.603
22/11/2014,70.2927,0.1268,7.5651
23/11/2014,70.8312,0.122,7.6108
24/11/2014,71.9531,0.1212,7.7294
25/11/2014,73.407,0.1143,7.8703
26/11/2014,73.2365,0.1097,7.8438
29/11/2014,74.7264,0.1069,7.9988
30/11/2014,75.1123,0.094,8.0254
1/12/2014,75.4534,0.0932,8.0612
2/12/2014,76.3957,0.093,8.1617
3/12/2014,76.7278,0.0925,8.1968
6/12/2014,76.0457,0.0936,8.1248
7/12/2014,76.0726,0.1362,8.2182
8/12/2014,76.0457,0.1369,8.2178
9/12/2014,77.1855,0.1363,8.3388
10/12/2014,76.2342,0.132,8.221
13/12/2014,76.674,0.1274,8.2537
14/12/2014,77.6612,0.129,8.3649
15/12/2014,77.8587,0.1307,8.3916
16/12/2014,77.9843,0.1321,8.4101
17/12/2014,78.1279,0.1319,8.4249
21/12/2014,78.1997,0.1346,8.442
22/12/2014,77.6343,0.142,8.4094
23/12/2014,77.0868,0.1424,8.352
24/12/2014,77.4458,0.141,8.3851
28/12/2014,78.2895,0.1604,8.5692
29/12/2014,78.4339,0.1582,8.5733
30/12/2014,77.7119,0.1596,8.5018
31/12/2014,77.7209,0.1594,8.5017
3/1/2015,77.7751,0.1637,8.5314
4/1/2015,78.0007,0.1634,8.5544
5/1/2015,78.5873,0.1654,8.6305
6/1/2015,77.8292,0.1708,8.5793
7/1/2015,78.2444,0.1692,8.6152
11/1/2015,75.4016,0.1755,8.3401
12/1/2015,75.7535,0.1374,8.1881
13/01/2015,75.1759,0.1392,8.1322
14/01/2015,75.5099,0.1352,8.1539
17/01/2015,75.546,0.1354,8.1584
18/01/2015,76.4575,0.1377,8.2653
19/01/2015,77.6397,0.1336,8.378
20/01/2015,78.2895,0.128,8.4296
21/01/2015,78.4519,0.1493,8.5305
24/01/2015,77.6397,0.1589,8.4903
25/01/2015,76.3762,0.1578,8.3465
26/01/2015,76.665,0.1518,8.3481
27/01/2015,76.3401,0.1544,8.3253
28/01/2015,78.6775,0.1492,8.5546
31/01/2015,78.3075,0.1309,8.4408
1/2/2015,78.2624,0.1305,8.4345
2/2/2015,77.5765,0.1315,8.3639
3/2/2015,78.6956,0.1261,8.4674
4/2/2015,78.5151,0.1224,8.4375
7/2/2015,79.5529,0.1205,8.544
8/2/2015,80.8254,0.1192,8.6773
9/2/2015,81.755,0.1132,8.763
10/2/2015,81.7008,0.1319,8.8099
11/2/2015,81.4301,0.1325,8.7831
15/02/2015,82.134,0.1313,8.8546
16/02/2015,82.1791,0.1286,8.8504
17/02/2015,82.2423,0.1284,8.8565
18/02/2015,81.5203,0.1366,8.808
21/02/2015,81.6106,0.1352,8.8123
22/02/2015,81.782,0.1369,8.8376
23/02/2015,84.4714,0.1358,9.1239
24/02/2015,83.1538,0.1076,8.902
25/02/2015,83.7494,0.1027,8.958
28/02/2015,82.9552,0.1015,8.8716
1/3/2015,82.495,0.1016,8.8224
2/3/2015,82.3145,0.1015,8.803
3/3/2015,82.6394,0.1011,8.8373
4/3/2015,82.3777,0.1003,8.8082
7/3/2015,82.4499,0.1002,8.8159
8/3/2015,82.5852,0.1023,8.833
9/3/2015,82.7838,0.113,8.8729
10/3/2015,82.7026,0.1134,8.8649
11/3/2015,81.8362,0.1153,8.7762
14/03/2015,81.2496,0.1209,8.7272
15/03/2015,78.8671,0.1266,8.4873
16/03/2015,78.9934,0.1376,8.5389
17/03/2015,78.8671,0.1394,8.5323
18/03/2015,78.7768,0.1394,8.5226
21/03/2015,78.7317,0.1419,8.5282
22/03/2015,79.959,0.1411,8.6576
23/03/2015,79.6612,0.1358,8.6041
24/03/2015,80.3471,0.1353,8.6763
25/03/2015,79.2732,0.136,8.5631
28/03/2015,78.9844,0.132,8.5174
29/03/2015,79.2476,0.1312,8.5431
30/03/2015,78.6816,0.1319,8.4845
31/03/2015,78.9464,0.1305,8.5083
1/4/2015,78.6725,0.1322,8.4845
4/4/2015,78.3986,0.1326,8.4563
5/4/2015,78.2617,0.1327,8.4418
6/4/2015,77.9604,0.1335,8.4122
7/4/2015,77.0476,0.1346,8.3175
11/4/2015,78.3803,0.1655,8.6085
12/4/2015,77.7413,0.1603,8.5087
13/04/2015,77.1023,0.1627,8.452
14/04/2015,78.0974,0.1591,8.5415
15/04/2015,77.1571,0.1608,8.4479
18/04/2015,79.8775,0.1519,8.6985
19/04/2015,80.5713,0.121,8.6546
20/04/2015,80.7265,0.1181,8.6638
21/04/2015,79.9779,0.1254,8.6031
22/04/2015,79.421,0.1341,8.5721
25/04/2015,79.4758,0.1381,8.5929
26/04/2015,78.9646,0.139,8.5412
27/04/2015,79.421,0.1381,8.587
28/04/2015,79.5123,0.1368,8.592
29/04/2015,79.421,0.1411,8.5992
2/5/2015,79.5123,0.1454,8.6278
3/5/2015,79.1928,0.1589,8.6604
4/5/2015,79.8136,0.1574,8.7196
5/5/2015,79.5671,0.1568,8.6895
6/5/2015,79.348,0.1571,8.6673
9/5/2015,79.7314,0.1569,8.7083
10/5/2015,79.9779,0.1562,8.7315
11/5/2015,76.9288,0.1727,8.4915
12/5/2015,76.6459,0.1367,8.2819
13/05/2015,77.3944,0.1357,8.359
16/05/2015,77.3214,0.1341,8.3454
17/05/2015,78.2891,0.1326,8.4444
18/05/2015,78.2434,0.1294,8.4288
19/05/2015,77.9148,0.1317,8.4012
20/05/2015,77.9239,0.1395,8.4309
24/05/2015,76.5911,0.1456,8.3118
25/05/2015,74.9935,0.1373,8.1056
26/05/2015,75.8243,0.1236,8.1515
27/05/2015,75.4408,0.1239,8.1111
30/05/2015,75.5778,0.1226,8.1223
31/05/2015,75.733,0.1219,8.1372
1/6/2015,76.6002,0.1249,8.2385
2/6/2015,77.5496,0.1245,8.3393
3/6/2015,79.3845,0.1214,8.5283
6/6/2015,79.4028,0.11,8.5046
7/6/2015,79.6675,0.1139,8.5407
8/6/2015,79.5032,0.1183,8.533
9/6/2015,79.0285,0.1194,8.4849
10/6/2015,78.6725,0.1179,8.443
13/06/2015,80.3978,0.1141,8.6195
14/06/2015,79.8957,0.1039,8.5476
15/06/2015,79.5306,0.1024,8.5065
16/06/2015,79.4393,0.1073,8.5039
17/06/2015,79.2932,0.1117,8.4962
20/06/2015,79.6401,0.112,8.5339
21/06/2015,80.3796,0.1117,8.6126
22/06/2015,81.9954,0.1084,8.7794
23/06/2015,83.2095,0.1009,8.898
24/06/2015,83.4377,0.0951,8.9159
27/06/2015,85.1359,0.0949,9.0972
29/06/2015,85.9895,0.0861,9.182
30/06/2015,85.7141,0.0835,9.1514
1/7/2015,86.1456,0.0832,9.1973
4/7/2015,85.5398,0.083,9.1325
5/7/2015,85.2093,0.0887,9.1001
6/7/2015,84.9156,0.0907,9.0701
7/7/2015,85.4571,0.0944,9.131
8/7/2015,84.6769,0.0942,9.0475
11/7/2015,83.8875,0.0939,8.9629
12/7/2015,83.5938,0.0993,8.9371
13/07/2015,83.7131,0.0989,8.9493
14/07/2015,83.7131,0.0988,8.9493
15/07/2015,83.4285,0.1024,8.9234
18/07/2015,83.7865,0.1016,8.9606
19/07/2015,85.1818,0.0996,9.1071
20/07/2015,84.3832,0.0922,9.0145
21/07/2015,84.0344,0.0901,8.9756
22/07/2015,83.7865,0.0908,8.9496
25/07/2015,84.2639,0.0902,9.0002
26/07/2015,85.3929,0.0885,9.1196
27/07/2015,85.4663,0.0849,9.1255
28/07/2015,84.9064,0.1023,9.0813
29/07/2015,85.9712,0.1022,9.195
1/8/2015,86.3016,0.1032,9.2318
2/8/2015,85.9895,0.1024,9.1973
3/8/2015,85.8518,0.1111,9.1977
4/8/2015,84.6218,0.1177,9.0809
5/8/2015,83.9151,0.1142,8.9967
8/8/2015,84.8972,0.1112,9.0956
9/8/2015,85.1175,0.1085,9.114
10/8/2015,84.53,0.1146,9.0635
11/8/2015,83.2083,0.1179,8.9296
12/8/2015,83.2909,0.1106,8.9222
15/08/2015,83.1899,0.1109,8.912
16/08/2015,84.0435,0.1099,9.0016
17/08/2015,84.1445,0.11,9.0126
18/08/2015,84.0068,0.1111,8.9999
19/08/2015,84.3465,0.1159,9.047
22/08/2015,84.0803,0.1162,9.019
23/08/2015,83.6213,0.1162,8.9698
24/08/2015,83.8141,0.1179,8.9947
25/08/2015,83.4285,0.1186,8.9551
26/08/2015,84.1721,0.1205,9.0399
30/08/2015,82.1619,0.1254,8.8381
31/08/2015,82.7126,0.1044,8.8497
1/9/2015,81.2623,0.1083,8.7008
2/9/2015,81.1613,0.0939,8.6716
5/9/2015,82.4189,0.0932,8.8054
6/9/2015,83.4285,0.0927,8.9129
7/9/2015,83.6672,0.0901,8.9364
8/9/2015,83.502,0.1003,8.9285
9/9/2015,84.0986,0.0997,8.9915
12/9/2015,85.2919,0.0979,9.1169
13/09/2015,86.2282,0.093,9.2122
14/09/2015,86.834,0.0944,9.2781
15/09/2015,87.2287,0.0939,9.3199
16/09/2015,87.0451,0.0991,9.3058
19/09/2015,86.3934,0.0992,9.2363
20/09/2015,86.0079,0.0966,9.1921
21/09/2015,87.3664,0.0934,9.3341
22/09/2015,87.55,0.0901,9.3511
23/09/2015,87.6693,0.0935,9.3666
26/09/2015,88.8901,0.0922,9.4958
27/09/2015,89.3582,0.0883,9.543
28/09/2015,88.4495,0.0894,9.4467
29/09/2015,89.6405,0.0856,9.5716
30/09/2015,89.4836,0.0958,9.5627
3/10/2015,89.0127,0.1001,9.5174
4/10/2015,89.6775,0.0984,9.5864
5/10/2015,89.4097,0.0974,9.5566
6/10/2015,88.6249,0.0983,9.4737
7/10/2015,88.5049,0.0972,9.4596
10/10/2015,90.333,0.0971,9.6549
11/10/2015,90.1299,0.086,9.6241
12/10/2015,90.4715,0.0859,9.6605
13/10/2015,90.5823,0.0877,9.6733
14/10/2015,91.8748,0.0865,9.8106
17/10/2015,91.7179,0.0807,9.7912
18/10/2015,93.1767,0.0796,9.9466
19/10/2015,93.269,0.0706,9.9547
20/10/2015,93.9337,0.1046,10.0506
21/10/2015,93.9614,0.1151,10.076
24/10/2015,93.6291,0.1164,10.0439
25/10/2015,92.8905,0.1168,9.9658
26/10/2015,93.1767,0.1215,10.0101
27/10/2015,93.7953,0.1246,10.0867
28/10/2015,93.6291,0.126,10.0738
31/10/2015,93.0474,0.127,10.0147
1/11/2015,91.1732,0.1306,9.8263
2/11/2015,90.1483,0.1216,9.6853
3/11/2015,90.1391,0.1183,9.6746
4/11/2015,90.0283,0.124,9.6797
7/11/2015,90.3515,0.1259,9.7207
8/11/2015,89.8067,0.129,9.6733
9/11/2015,90.6561,0.1261,9.7544
10/11/2015,90.9147,0.1265,9.7834
11/11/2015,90.61,0.1279,9.7555
14/11/2015,91.4132,0.1287,9.8452
15/11/2015,91.3393,0.1294,9.8398
16/11/2015,91.0716,0.1306,9.8153
18/11/2015,90.7762,0.1302,9.7821
21/11/2015,90.4161,0.1297,9.7415
22/11/2015,93.5829,0.1269,10.072
23/11/2015,95.7711,0.1046,10.2473
24/11/2015,96.5004,0.0936,10.3102
25/11/2015,96.7497,0.0963,10.3397
28/11/2015,98.744,0.096,10.5525
29/11/2015,97.6084,0.088,10.4239
30/11/2015,96.879,0.0847,10.344
1/12/2015,96.5928,0.0847,10.3134
2/12/2015,97.8023,0.0831,10.4418
5/12/2015,97.5161,0.0858,10.4126
6/12/2015,98.6517,0.085,10.5334
7/12/2015,97.4145,0.0843,10.401
8/12/2015,96.6297,0.0781,10.3148
9/12/2015,97.9961,0.074,10.4597
12/12/2015,98.7532,0.072,10.5402
13/12/2015,98.3378,0.0723,10.4959
14/12/2015,97.9961,0.0734,10.4596
15/12/2015,99.5565,0.071,10.6258
16/12/2015,99.2056,0.0666,10.588
20/12/2015,98.8086,0.0659,10.5456
21/12/2015,98.9933,0.0694,10.5655
22/12/2015,99.5195,0.069,10.6217
23/12/2015,98.7348,0.0709,10.5381
27/12/2015,99.6673,0.0854,10.6421
28/12/2015,99.7688,0.1356,10.7751
29/12/2015,101.1981,0.1462,10.9857
30/12/2015,100.5484,0.1452,10.9095
2/1/2016,100.6969,0.1727,11.1155
3/1/2016,101.2074,0.1765,11.2032
4/1/2016,102.3211,0.1769,11.3295
5/1/2016,102.8686,0.1751,11.3749
6/1/2016,104.567,0.1774,11.5825
10/1/2016,104.1958,0.1755,11.5255
11/1/2016,104.864,0.1749,11.5943
12/1/2016,105.1146,0.1742,11.6154
13/01/2016,104.8826,0.1747,11.594
16/01/2016,106.1076,0.1726,11.7119
17/01/2016,105.9963,0.1756,11.7253
18/01/2016,107.3513,0.1746,11.8665
19/01/2016,107.3791,0.175,11.8729
20/01/2016,107.9545,0.1769,11.9532
23/01/2016,107.8431,0.1799,11.9685
24/01/2016,106.8315,0.1816,11.8719
25/01/2016,107.3513,0.1825,11.938
26/01/2016,108.465,0.1804,12.042
27/01/2016,106.0612,0.1833,11.8025
30/01/2016,100.9753,0.1871,11.2705
31/01/2016,104.0473,0.1592,11.3802
1/2/2016,104.7526,0.1491,11.3891
2/2/2016,100.1215,0.1582,10.9443
3/2/2016,102.1262,0.1245,10.9824
6/2/2016,103.7039,0.1175,11.128
7/2/2016,104.3443,0.1135,11.1852
8/2/2016,106.7573,0.1119,11.4395
9/2/2016,107.2028,0.1025,11.4664
10/2/2016,106.4325,0.1029,11.3847
14/02/2016,106.4603,0.1307,11.4743
15/02/2016,106.9058,0.1386,11.5617
16/02/2016,106.7109,0.1524,11.6239
17/02/2016,108.8733,0.153,11.8636
20/02/2016,110.2283,0.1447,11.9563
21/02/2016,108.9197,0.1491,11.842
22/02/2016,107.1935,0.1537,11.6854
23/02/2016,105.2724,0.1579,11.505
24/02/2016,105.1703,0.1582,11.4959
27/02/2016,106.7851,0.1581,11.6715
28/02/2016,106.8779,0.1616,11.7078
29/02/2016,106.4789,0.1644,11.6853
1/3/2016,106.4882,0.1689,11.7226
2/3/2016,109.5508,0.1669,12.0434
5/3/2016,109.1981,0.1652,11.9901
6/3/2016,107.8895,0.1742,11.9222
7/3/2016,106.683,0.1752,11.7974
8/3/2016,106.9522,0.1738,11.8152
9/3/2016,107.1378,0.1737,11.835
12/3/2016,106.2933,0.1809,11.8054
13/03/2016,106.3953,0.1802,11.8107
14/03/2016,106.4882,0.1802,11.8206
15/03/2016,102.0426,0.1881,11.3989
16/03/2016,99.3141,0.1721,10.9575
19/03/2016,102.3767,0.1569,11.1816
20/03/2016,100.3906,0.1484,10.9104
21/03/2016,100.2329,0.1433,10.8645
22/03/2016,102.0612,0.1407,11.0484
26/03/2016,100.0937,0.1394,10.8287
27/03/2016,101.4672,0.1323,10.9434
28/03/2016,103.0078,0.1293,11.0964
29/03/2016,104.3604,0.1252,11.2252
30/03/2016,101.7579,0.1291,10.961
2/4/2016,102.9799,0.1238,11.0715
3/4/2016,104.948,0.1203,11.2707
4/4/2016,103.1851,0.1173,11.0717
5/4/2016,105.7502,0.1089,11.3241
6/4/2016,102.8866,0.1022,11.0043
9/4/2016,102.8026,0.0852,10.9768
10/4/2016,102.8026,0.0856,10.977
11/4/2016,101.9724,0.0931,10.8943
12/4/2016,104.2111,0.0909,11.1314
13/04/2016,103.9779,0.0821,11.1006
16/04/2016,103.4742,0.0829,11.0473
17/04/2016,102.9892,0.0859,10.9971
18/04/2016,102.5974,0.0863,10.9555
19/04/2016,102.7,0.1224,11.0365
20/04/2016,102.0471,0.1324,11.0061
23/04/2016,101.4687,0.1348,10.9547
24/04/2016,101.4687,0.1372,10.9663
25/04/2016,100.6665,0.1383,10.885
26/04/2016,100.0322,0.1387,10.8184
27/04/2016,101.1423,0.1441,10.9672
30/04/2016,102.0191,0.1415,11.0482
1/5/2016,103.5302,0.1386,11.1964
2/5/2016,105.7876,0.1327,11.4113
3/5/2016,106.6084,0.1247,11.4653
4/5/2016,106.2073,0.1239,11.419
7/5/2016,106.2446,0.1277,11.438
8/5/2016,105.4331,0.1285,11.3543
9/5/2016,105.7222,0.1281,11.3835
10/5/2016,105.3678,0.1284,11.3465
11/5/2016,103.6608,0.1305,11.1719
14/05/2016,104.6122,0.1261,11.2558
15/05/2016,105.4144,0.1265,11.3437
16/05/2016,104.9294,0.1259,11.2893
17/05/2016,103.7541,0.1275,11.1694
18/05/2016,103.2224,0.1296,11.1207
22/05/2016,98.8103,0.1411,10.6987
23/05/2016,101.0676,0.1077,10.82
24/05/2016,99.8177,0.0992,10.6714
25/05/2016,101.1143,0.0988,10.8094
28/05/2016,101.1609,0.0956,10.8103
29/05/2016,100.5919,0.0965,10.7507
30/05/2016,102.9425,0.1132,11.0339
31/05/2016,103.353,0.1027,11.0549
1/6/2016,103.6421,0.1018,11.0844
4/6/2016,103.381,0.1024,11.0574
5/6/2016,102.784,0.1031,10.9949
6/6/2016,102.5788,0.1304,11.055
7/6/2016,100.7691,0.1327,10.8698
8/6/2016,100.6479,0.1282,10.8374
11/6/2016,100.9091,0.132,10.8818
12/6/2016,100.3214,0.1348,10.8311
13/06/2016,100.3121,0.1381,10.8461
14/06/2016,100.2841,0.1383,10.8441
15/06/2016,98.6424,0.141,10.6802
18/06/2016,97.7469,0.1364,10.5607
19/06/2016,97.8122,0.134,10.5563
20/06/2016,96.3011,0.1358,10.4015
21/06/2016,97.8775,0.1335,10.5612
22/06/2016,97.1965,0.1321,10.482
25/06/2016,98.0174,0.1286,10.5561
26/06/2016,96.6462,0.1304,10.4156
28/06/2016,97.2746,0.1232,10.4562
29/06/2016,97.5935,0.1229,10.4893
2/7/2016,100.6134,0.1193,10.802
3/7/2016,99.9944,0.1102,10.7108
4/7/2016,99.7787,0.1122,10.6923
5/7/2016,100.2101,0.1181,10.7551
6/7/2016,99.7505,0.1189,10.7081
9/7/2016,103.7083,0.1156,11.1228
10/7/2016,103.6333,0.0903,11.0691
11/7/2016,104.5992,0.0894,11.1715
12/7/2016,103.0612,0.0895,11.0073
13/07/2016,104.3648,0.0825,11.1421
16/07/2016,106.3062,0.0787,11.3479
17/07/2016,107.0564,0.0706,11.4262
18/07/2016,108.0224,0.0688,11.5292
19/07/2016,107.7129,0.0748,11.497
20/07/2016,108.8196,0.0745,11.6151
23/07/2016,109.4761,0.0718,11.6847
24/07/2016,107.8067,0.0724,11.5066
25/07/2016,108.4726,0.0666,11.577
26/07/2016,108.9321,0.066,11.626
27/07/2016,109.8137,0.0654,11.7201
30/07/2016,109.8419,0.0635,11.723
31/07/2016,110.2451,0.0635,11.766
1/8/2016,110.4703,0.0631,11.7901
2/8/2016,109.6168,0.065,11.699
3/8/2016,108.5383,0.0675,11.5841
6/8/2016,106.8126,0.0672,11.3999
7/8/2016,107.5254,0.0596,11.4757
8/8/2016,106.6344,0.0589,11.3806
9/8/2016,107.6379,0.0566,11.4876
10/8/2016,107.6379,0.0765,11.4894
13/08/2016,107.4972,0.0779,11.4748
14/08/2016,108.1537,0.0788,11.5451
15/08/2016,107.8255,0.0809,11.5109
16/08/2016,107.6004,0.0811,11.4869
17/08/2016,107.5535,0.0843,11.4835
20/08/2016,109.4573,0.0833,11.6862
21/08/2016,108.9228,0.0806,11.6279
22/08/2016,108.5664,0.0817,11.5903
23/08/2016,108.0318,0.0825,11.5336
24/08/2016,107.4597,0.0846,11.4737
28/08/2016,107.9943,0.0852,11.5311
29/08/2016,107.4691,0.0859,11.4755
30/08/2016,107.0096,0.0864,11.4267
31/08/2016,107.2159,0.087,11.4491
3/9/2016,106.6438,0.1019,11.4055
4/9/2016,107.319,0.1157,11.5103
5/9/2016,106.0529,0.1171,11.3788
6/9/2016,106.4656,0.1154,11.4178
7/9/2016,106.4468,0.1235,11.4431
10/9/2016,106.7657,0.1255,11.4851
11/9/2016,107.1971,0.1278,11.541
12/9/2016,110.3108,0.1236,11.8591
13/09/2016,111.258,0.1092,11.9147
14/09/2016,110.5265,0.1078,11.8329
17/09/2016,109.4667,0.1118,11.7296
18/09/2016,109.1572,0.1181,11.7152
19/09/2016,107.8724,0.1208,11.5865
20/09/2016,107.4034,0.1254,11.5535
21/09/2016,105.8278,0.1337,11.42
24/09/2016,106.4468,0.1384,11.5107
25/09/2016,106.8876,0.1371,11.5517
26/09/2016,107.8911,0.1356,11.6522
27/09/2016,108.8639,0.1336,11.7474
28/09/2016,108.25,0.1333,11.6796
1/10/2016,108.9111,0.137,11.77
2/10/2016,108.1556,0.1384,11.6957
3/10/2016,105.2751,0.1428,11.4079
4/10/2016,102.1207,0.1434,11.0695
5/10/2016,101.0063,0.1314,10.8898
8/10/2016,100.4302,0.1373,10.8549
9/10/2016,102.5835,0.1427,11.1158
10/10/2016,103.7262,0.1352,11.2005
11/10/2016,102.0829,0.1364,11.0291
12/10/2016,101.9129,0.14,11.0286
15/10/2016,100.4491,0.1428,10.8853
16/10/2016,99.4007,0.1424,10.7696
17/10/2016,97.5497,0.1515,10.6203
18/10/2016,99.0324,0.1427,10.7309
19/10/2016,97.6725,0.1433,10.5869
22/10/2016,99.023,0.1388,10.7102
23/10/2016,100.7702,0.1354,10.8823
24/10/2016,102.9612,0.1297,11.0931
25/10/2016,102.9235,0.1546,11.2257
26/10/2016,102.3568,0.1598,11.1993
29/10/2016,103.0273,0.162,11.2888
30/10/2016,103.509,0.1635,11.3526
31/10/2016,105.2845,0.1604,11.5242
1/11/2016,106.1345,0.155,11.5786
2/11/2016,105.1051,0.1549,11.4658
5/11/2016,102.8951,0.1581,11.2463
6/11/2016,103.4995,0.1544,11.2869
7/11/2016,101.3652,0.1562,11.0664
8/11/2016,103.9529,0.1497,11.3057
9/11/2016,103.8773,0.1371,11.2265
12/11/2016,104.6706,0.1402,11.3281
13/11/2016,102.4229,0.143,11.1001
14/11/2016,101.6579,0.1709,11.2069
16/11/2016,100.7229,0.1756,11.142
19/11/2016,103.1879,0.1712,11.3778
20/11/2016,103.6223,0.1624,11.357
21/11/2016,104.7745,0.1654,11.5064
22/11/2016,103.9434,0.1647,11.4099
23/11/2016,105.0106,0.1818,11.6717
26/11/2016,106.0023,0.1783,11.7493
27/11/2016,101.2707,0.1845,11.2801
29/11/2016,99.3441,0.166,10.9143
30/11/2016,97.5497,0.1651,10.7107
3/12/2016,95.7269,0.1644,10.5054
4/12/2016,94.792,0.1627,10.3913
5/12/2016,95.4058,0.1607,10.4453
6/12/2016,95.5003,0.1609,10.4565
7/12/2016,94.7164,0.1623,10.3806
10/12/2016,93.5075,0.1661,10.2739
11/12/2016,93.0636,0.1684,10.2413
12/12/2016,91.8831,0.1702,10.1241
13/12/2016,91.0898,0.1682,10.0224
14/12/2016,88.9365,0.1702,9.7995
17/12/2016,87.0193,0.1606,9.5261
19/12/2016,90.627,0.1413,9.8135
20/12/2016,91.647,0.1137,9.8245
21/12/2016,91.4487,0.1161,9.8092
24/12/2016,92.1948,0.1145,9.8852
26/12/2016,93.7909,0.112,10.0503
27/12/2016,92.4579,0.1101,9.9032
28/12/2016,95.8664,0.0998,10.2499
31/12/2016,95.9331,0.0736,10.2394
1/1/2017,95.7522,0.0773,10.2209
2/1/2017,95.5903,0.078,10.2038
3/1/2017,95.5808,0.0857,10.2059
4/1/2017,95.1238,0.0864,10.1575
7/1/2017,96.1044,0.0862,10.2621
8/1/2017,96.809,0.1037,10.3567
9/1/2017,97.5897,0.1028,10.4387
10/1/2017,97.9896,0.1017,10.4796
11/1/2017,99.5796,0.1001,10.6472
15/01/2017,98.0086,0.0968,10.4749
16/01/2017,97.7611,0.0927,10.444
17/01/2017,97.8182,0.0942,10.4516
18/01/2017,98.4371,0.0937,10.5172
21/01/2017,98.9036,0.0942,10.5676
22/01/2017,99.1797,0.0935,10.5963
23/01/2017,99.4082,0.0932,10.6205
24/01/2017,98.5418,0.0939,10.5286
25/01/2017,98.9036,0.0921,10.5655
28/01/2017,99.2559,0.0926,10.6036
29/01/2017,98.8179,0.0927,10.5569
30/01/2017,98.7703,0.0963,10.5557
31/01/2017,97.4755,0.0978,10.4192
1/2/2017,96.5043,0.0945,10.3115
4/2/2017,96.0473,0.0932,10.2614
5/2/2017,97.6849,0.0927,10.4359
6/2/2017,98.1515,0.0872,10.4813
7/2/2017,97.5136,0.0883,10.4139
8/2/2017,100.4936,0.0965,10.7401
12/2/2017,100.1413,0.0806,10.6905
13/02/2017,100.6269,0.1002,10.7593
14/02/2017,100.4174,0.0999,10.7366
15/02/2017,99.9699,0.1037,10.6949
18/02/2017,101.0173,0.1026,10.8049
19/02/2017,100.2461,0.1038,10.7246
20/02/2017,100.1223,0.1043,10.7123
21/02/2017,99.3606,0.1272,10.695
22/02/2017,99.4273,0.1265,10.6994
25/02/2017,99.1988,0.1268,10.6761
26/02/2017,99.1226,0.1281,10.6731
27/02/2017,98.7513,0.1288,10.6356
28/02/2017,98.0372,0.1294,10.5612
1/3/2017,98.0753,0.1294,10.5653
4/3/2017,99.3511,0.1279,10.6968
5/3/2017,99.0559,0.1268,10.6607
6/3/2017,99.3892,0.1557,10.8471
7/3/2017,100.2937,0.1571,10.9556
8/3/2017,101.4457,0.1556,11.0713
11/3/2017,102.055,0.1623,11.1843
12/3/2017,101.6837,0.1642,11.1575
13/03/2017,99.5129,0.1672,10.942
14/03/2017,97.942,0.1614,10.7272
15/03/2017,94.981,0.1609,10.3997
18/03/2017,94.1907,0.1417,10.2015
19/03/2017,95.1333,0.1366,10.2789
20/03/2017,94.8096,0.1379,10.2499
21/03/2017,95.8855,0.1355,10.355
22/03/2017,96.3806,0.1379,10.4198
25/03/2017,99.6272,0.1336,10.7507
26/03/2017,100.1032,0.1198,10.7489
27/03/2017,100.3032,0.1228,10.7804
28/03/2017,101.2722,0.1286,10.9065
29/03/2017,101.0323,0.1294,10.8839
1/4/2017,101.3585,0.1287,10.9164
2/4/2017,100.6102,0.1298,10.8403
3/4/2017,101.0611,0.1418,10.946
4/4/2017,101.915,0.141,11.0345
5/4/2017,106.6927,0.1345,11.5176
8/4/2017,105.4743,0.1056,11.2873
9/4/2017,106.5871,0.1024,11.4004
10/4/2017,109.6572,0.0981,11.7217
11/4/2017,108.8513,0.0823,11.621
15/04/2017,108.9856,0.0824,11.6354
16/04/2017,109.1199,0.0893,11.6543
17/04/2017,108.9376,0.092,11.6373
18/04/2017,108.9952,0.0936,11.6451
19/04/2017,109.8202,0.0928,11.7324
22/04/2017,111.4032,0.0908,11.8995
23/04/2017,111.3361,0.0856,11.8881
24/04/2017,110.4822,0.0875,11.7983
25/04/2017,110.7221,0.1071,11.8522
26/04/2017,111.4032,0.1067,11.9242
29/04/2017,110.4151,0.1068,11.8187
30/04/2017,108.6114,0.1091,11.631
1/5/2017,108.0358,0.1086,11.5682
2/5/2017,107.9494,0.1087,11.559
3/5/2017,107.9399,0.111,11.5638
6/5/2017,105.0042,0.1143,11.2582
7/5/2017,105.8388,0.1003,11.3169
8/5/2017,105.4359,0.1,11.2733
9/5/2017,106.7886,0.102,11.4212
10/5/2017,106.2705,0.1003,11.363
13/05/2017,106.827,0.0996,11.4213
14/05/2017,107.1915,0.0994,11.46
15/05/2017,106.3185,0.1005,11.3685
16/05/2017,104.2271,0.1026,11.1483
17/05/2017,105.2536,0.0953,11.2473
21/05/2017,104.1119,0.0945,11.1244
22/05/2017,103.8241,0.1061,11.1118
23/05/2017,102.7112,0.1111,11.0038
24/05/2017,101.6559,0.109,10.8858
27/05/2017,102.1356,0.1055,
28/05/2017,105.2824,0.1024,
29/05/2017,105.6565,0.0871,
30/05/2017,105.8868,0.087,
31/05/2017,104.7259,0.0884,
3/6/2017,105.858,0.0851,
4/6/2017,106.1842,0.0847,
5/6/2017,104.8315,0.0903,
6/6/2017,105.0905,0.0867,
7/6/2017,105.3591,0.0898,
10/6/2017,104.7835,0.0906,
11/6/2017,106.213,0.0912,
12/6/2017,105.4455,0.0894,
13/06/2017,105.7141,0.0927,
14/06/2017,104.9946,0.0933,
17/06/2017,104.2462,0.0953,
18/06/2017,103.3828,0.0939,
19/06/2017,104.0736,0.0913,
20/06/2017,104.4189,0.0914,
21/06/2017,107.2587,0.089,
24/06/2017,109.0623,0.0916,
25/06/2017,109.1775,0.086,
26/06/2017,109.0035,0.103,
28/06/2017,109.6509,0.1038,
1/7/2017,109.0518,0.1105,
2/7/2017,109.5156,0.1153,
3/7/2017,109.1968,0.1151,
4/7/2017,110.2403,0.1186,
5/7/2017,111.3997,0.1198,
8/7/2017,110.047,0.1401,
9/7/2017,111.2257,0.1385,
10/7/2017,110.134,0.1465,
11/7/2017,110.791,0.1465,
12/7/2017,109.6992,0.1484,
15/07/2017,110.4045,0.1472,
16/07/2017,112.4238,0.1455,
17/07/2017,112.8779,0.1453,
18/07/2017,111.7958,0.1477,
19/07/2017,112.2885,0.1472,
22/07/2017,111.9311,0.1491,
23/07/2017,111.6798,0.1568,
24/07/2017,112.076,0.157,
25/07/2017,109.1195,0.1618,
26/07/2017,109.1098,0.1571,
29/07/2017,105.8635,0.1683,
30/07/2017,106.6944,0.1558,
31/07/2017,104.3756,0.1653,
1/8/2017,106.1437,0.1564,
2/8/2017,106.0277,0.1542,
5/8/2017,104.0374,0.1571,
6/8/2017,105.6413,0.1511,
7/8/2017,101.2548,0.1584,
8/8/2017,101.6413,0.1264,
9/8/2017,104.0761,0.1238,
12/8/2017,105.0133,0.1181,
13/08/2017,103.6799,0.1204,
14/08/2017,103.9698,0.1154,
15/08/2017,105.0422,0.1192,
16/08/2017,102.4336,0.1216,
19/08/2017,103.2548,0.1082,
20/08/2017,102.163,0.1092,
21/08/2017,103.1872,0.1041,
22/08/2017,105.5253,0.1104,
23/08/2017,106.1437,0.1118,
27/08/2017,104.8877,0.1129,
28/08/2017,106.1533,0.1147,
29/08/2017,108.5688,0.111,
30/08/2017,108.8006,0.1124,
2/9/2017,111.4963,0.1104,
3/9/2017,112.9165,0.1026,
4/9/2017,113.2257,0.1043,
5/9/2017,113.9214,0.1036,
6/9/2017,116.1629,0.1138,
9/9/2017,115.1291,0.1098,
10/9/2017,114.559,0.1094,
11/9/2017,115.7088,0.1078,
12/9/2017,115.3416,0.1149,
13/09/2017,114.8779,0.1159,
16/09/2017,114.8585,0.1153,
17/09/2017,113.361,0.1169,
18/09/2017,114.0083,0.1128,
19/09/2017,113.0711,0.1136,
20/09/2017,113.7378,0.1111,
23/09/2017,113.7088,0.1123,
24/09/2017,111.6412,0.1156,
25/09/2017,109.419,0.1159,
26/09/2017,109.2632,0.1055,
27/09/2017,111.6298,0.1026,
30/09/2017,111.3863,0.0988,
1/10/2017,108.9028,0.1,
2/10/2017,109.6917,0.0832,
3/10/2017,111.2305,0.0842,
4/10/2017,113.1101,0.0842,
7/10/2017,113.412,0.0832,
8/10/2017,116.8305,0.0809,
9/10/2017,116.5578,0.0669,
10/10/2017,117.2103,0.0662,
11/10/2017,117.4148,0.0664,
14/10/2017,120.3268,0.0673,
15/10/2017,121.5345,0.0551,
16/10/2017,121.8559,0.0538,
17/10/2017,121.7682,0.0542,
18/10/2017,122.7421,0.0535,
21/10/2017,123.2096,0.0524,
22/10/2017,123.1317,0.0528,
23/10/2017,122.4499,0.0534,
24/10/2017,121.6611,0.0579,
25/10/2017,124.4659,0.0623,
28/10/2017,125.4593,0.0516,
29/10/2017,125.732,0.0548,
30/10/2017,125.9268,0.0558,
31/10/2017,126.6085,0.0556,
1/11/2017,126.9786,0.0554,
4/11/2017,126.5306,0.0705,
5/11/2017,125.7905,0.0726,
6/11/2017,125.1282,0.0717,
7/11/2017,125.2451,0.0705,
8/11/2017,126.1508,0.0703,
11/11/2017,127.2124,0.0705,
12/11/2017,127.1734,0.07,
13/11/2017,126.2482,0.0705,
14/11/2017,126.5404,0.0685,
15/11/2017,127.3779,0.0692,
18/11/2017,128.0597,0.0687,
19/11/2017,128.235,0.0692,
20/11/2017,128.6148,0.0691,
22/11/2017,128.3226,0.0709,
25/11/2017,128.0402,0.0753,
26/11/2017,126.3943,0.076,
27/11/2017,128.8875,0.0771,
28/11/2017,129.5887,0.0719,
29/11/2017,131.5171,0.0707,
2/12/2017,130.9035,0.0699,
3/12/2017,130.9912,0.0703,
4/12/2017,130.6795,0.0723,
5/12/2017,134.4193,0.0746,
6/12/2017,133.2409,0.0617,
9/12/2017,133.7571,0.0607,
10/12/2017,134.5751,0.0622,
11/12/2017,134.4388,0.0615,
12/12/2017,133.7668,0.0618,
13/12/2017,133.6597,0.0724,
16/12/2017,133.6207,0.0733,
17/12/2017,133.9908,0.0788,
19/12/2017,135.4127,0.0778,
20/12/2017,135.5101,0.0784,
23/12/2017,135.0134,0.0876,
24/12/2017,135.7633,0.0882,
26/12/2017,137.4092,0.0897,
27/12/2017,135.5959,0.0928,
30/12/2017,135.4881,0.0908,
31/12/2017,133.1847,0.0925,
1/1/2018,134.2237,0.088,
2/1/2018,134.7138,0.087,
3/1/2018,133.371,0.0877,
6/1/2018,134.4785,0.0855,
7/1/2018,136.0468,0.0838,
8/1/2018,134.0081,0.0853,
9/1/2018,134.5275,0.0847,
10/1/2018,135.4587,0.0839,
14/01/2018,134.1257,0.086,
15/01/2018,133.9688,0.0942,
16/01/2018,133.8316,0.1159,
17/01/2018,130.5089,0.1192,
20/01/2018,129.4111,0.131,
21/01/2018,131.7635,0.1429,
22/01/2018,131.5674,0.1599,
23/01/2018,133.1945,0.1661,
24/01/2018,129.7345,0.1749,
27/01/2018,130.7245,0.1846,
28/01/2018,132.6064,0.1939,
29/01/2018,134.8608,0.2772,
30/01/2018,134.8804,0.306,
31/01/2018,134.4491,0.3106,
3/2/2018,135.0078,0.3261,
4/2/2018,135.2627,0.428,
5/2/2018,135.2627,0.483,
6/2/2018,135.1451,0.4972,
7/2/2018,134.7334,0.5179,
11/2/2018,132.9495,0.5274,
12/2/2018,134.7628,0.5202,
13/02/2018,134.7628,0.5196,
14/02/2018,133.1161,0.5654,
17/02/2018,129.5385,0.5875,
18/02/2018,123.7555,0.6301,
19/02/2018,124.128,0.6341,
20/02/2018,118.9625,0.6645,
21/02/2018,113.8069,0.694,
24/02/2018,119.1096,0.6671,
25/02/2018,114.64,0.6907,
26/02/2018,117.4727,0.6733,
27/02/2018,111.7093,0.7185,
28/02/2018,105.9362,0.7552,
3/3/2018,91.5865,0.8739,
4/3/2018,98.7025,0.7726,
5/3/2018,94.0566,0.8014,
6/3/2018,86.3035,0.8683,
7/3/2018,101.8489,0.7216,
10/3/2018,86.6073,0.7507,
11/3/2018,91.9002,0.6385,
12/3/2018,82.226,0.7054,
13/03/2018,83.608,0.639,
14/03/2018,81.8437,0.6518,
17/03/2018,77.4624,0.6856,
18/03/2018,86.6759,0.596,
19/03/2018,89.9105,0.5249,
20/03/2018,96.1737,0.4852,
21/03/2018,89.3224,0.5027,
24/03/2018,91.6454,0.4619,
25/03/2018,88.2442,0.4809,
26/03/2018,82.6867,0.5049,
27/03/2018,85.7742,0.458,
28/03/2018,83.2389,0.4676,
31/03/2018,88.5967,0.4329,
1/4/2018,89.7653,0.4053,
2/4/2018,93.39,0.3945,
3/4/2018,101.7683,0.3577,
7/4/2018,97.2424,0.3241,
8/4/2018,94.5784,0.3388,
9/4/2018,89.9138,0.3539,
10/4/2018,86.4872,0.3725,
11/4/2018,94.2615,0.3337,
14/04/2018,90.825,0.2918,
15/04/2018,88.1906,0.2896,
16/04/2018,88.4778,0.2809,
17/04/2018,88.5273,0.322,
18/04/2018,89.8346,0.3394,
21/04/2018,93.7069,0.3276,
22/04/2018,94.3704,0.3197,
23/04/2018,96.9156,0.3121,
24/04/2018,94.8359,0.3139,
25/04/2018,92.3501,0.3377,
28/04/2018,91.2508,0.3362,
29/04/2018,91.1122,0.3445,
30/04/2018,89.3988,0.3512,
1/5/2018,90.3298,0.351,
2/5/2018,91.8054,0.3628,
5/5/2018,89.1017,0.4298,
6/5/2018,86.1901,0.4408,
7/5/2018,83.2191,0.4465,
8/5/2018,86.6754,0.4163,
9/5/2018,85.071,0.4236,
12/5/2018,89.5771,0.3991,
13/05/2018,87.8143,0.3936,
14/05/2018,90.4486,0.3797,
15/05/2018,89.2998,0.3803,
16/05/2018,88.6066,0.3911,
20/05/2018,94.8953,0.3708,
21/05/2018,100.3917,0.3429,
22/05/2018,98.8963,0.3255,
23/05/2018,96.3709,0.3346,
26/05/2018,97.6485,0.3266,
27/05/2018,97.9753,0.3241,
28/05/2018,103.2637,0.312,
29/05/2018,105.4128,0.2896,
30/05/2018,110.1566,0.2744,
2/6/2018,112.3551,0.2536,
3/6/2018,109.4732,0.28,
4/6/2018,105.0365,0.2918,
5/6/2018,96.2719,0.3086,
6/6/2018,98.9062,0.2411,
9/6/2018,100.2729,0.2317,
10/6/2018,101.0751,0.2312,
11/6/2018,98.52,0.2369,
12/6/2018,97.9852,0.2369,
13/06/2018,96.8661,0.2399,
16/06/2018,95.8163,0.2411,
17/06/2018,96.9849,0.2375,
18/06/2018,93.7465,0.2465,
19/06/2018,97.0146,0.2263,
20/06/2018,91.6965,0.2331,
23/06/2018,92.1025,0.202,
24/06/2018,93.1523,0.2001,
